Source;Target
2;200
2;220
2;200
2;220
2;200
2;220
2;260
2;732
2;300
2;325
2;255
2;200
2;220
2;365
2;740
2;316
2;310
2;368
2;290
2;365
2;350
2;212
2;343
2;343
2;211
2;20
2;390
2;220
2;255
2;395
2;325
2;385
2;210
2;235
2;230
2;640
2;200
2;339
2;732
2;713
2;920
2;840
2;210
2;350
2;211
2;100
2;800
2;530
2;20
2;220
2;900
2;640
2;200
2;732
2;220
2;305
2;373
2;355
2;366
2;375
2;372
2;205
2;663
2;368
2;600
2;235
2;365
2;317
2;349
2;380
2;225
2;696
2;369
2;211
2;20
2;316
2;390
2;220
2;255
2;350
2;310
2;395
2;212
2;385
2;230
2;640
2;200
2;160
2;325
2;210
2;290
2;360
2;640
2;20
2;732
2;200
2;200
2;325
2;235
2;230
2;220
2;740
2;94
2;220
2;200
2;713
2;713
2;692
2;220
2;690
2;698
2;696
2;200
2;690
2;200
2;640
2;651
2;220
2;255
2;350
2;325
2;663
2;210
2;696
2;666
2;690
2;670
2;200
2;666
2;690
2;900
2;696
2;670
2;692
2;210
2;698
2;694
2;290
2;713
2;255
2;350
2;210
2;235
2;230
2;702
2;20
2;220
2;640
2;770
2;365
2;200
2;704
2;900
2;200
2;200
2;740
2;220
2;325
2;220
2;200
2;666
2;344
2;200
2;220
2;325
2;220
2;200
2;210
2;211
2;20
2;390
2;220
2;255
2;325
2;385
2;210
2;235
2;230
2;640
2;200
2;160
2;305
2;373
2;211
2;355
2;20
2;316
2;390
2;366
2;375
2;220
2;255
2;350
2;372
2;310
2;395
2;205
2;325
2;663
2;368
2;212
2;600
2;385
2;210
2;290
2;235
2;365
2;317
2;349
2;230
2;380
2;225
2;640
2;696
2;200
2;369
2;200
2;640
2;770
2;740
2;385
2;640
2;101
2;200
2;740
2;200
2;360
2;220
2;211
2;365
2;350
2;325
2;345
2;235
2;325
2;211
2;355
2;360
2;210
2;345
2;710
2;140
2;365
2;530
2;20
2;560
2;220
2;900
2;220
2;200
2;290
2;920
2;350
2;712
2;385
2;375
2;220
2;666
2;666
2;230
2;732
2;732
2;200
2;645
2;645
2;700
2;365
2;200
2;663
2;645
2;640
2;220
2;200
2;920
2;900
2;732
2;817
2;800
2;840
2;811
2;713
2;200
2;20
2;42
2;200
2;663
2;666
2;670
2;663
2;70
2;93
2;94
2;91
2;70
2;92
2;817
2;817
2;800
2;732
2;817
2;345
2;800
2;812
2;920
2;200
2;900
2;812
2;800
2;732
2;732
2;710
2;200
2;200
2;325
2;220
2;70
2;92
2;101
2;42
2;200
2;200
2;817
2;200
2;713
2;713
2;640
2;732
2;732
2;732
2;732
2;732
2;732
2;732
2;220
2;255
2;200
2;365
2;325
2;740
2;260
2;260
2;200
2;210
2;385
2;325
2;260
2;20
2;740
2;260
2;200
2;255
2;713
2;732
2;91
2;91
2;200
2;345
2;220
2;325
2;260
2;200
2;740
2;325
2;20
2;220
2;390
2;732
2;740
2;625
2;651
2;56
2;53
2;54
2;51
2;57
2;58
2;625
2;651
2;625
2;520
2;625
2;698
2;651
2;651
2;200
2;200
2;211
2;20
2;390
2;220
2;255
2;350
2;325
2;210
2;235
2;360
2;230
2;640
2;200
2;200
2;220
2;690
2;365
2;670
2;690
2;220
2;200
2;698
2;651
2;670
2;200
2;690
2;490
2;220
2;483
2;200
2;640
2;451
2;433
2;770
2;436
2;600
2;771
2;210
2;160
2;230
2;211
2;350
2;255
2;694
2;698
2;900
2;692
2;652
2;20
2;696
2;200
2;651
2;220
2;325
2;670
2;690
2;220
2;200
2;160
2;20
2;42
2;220
2;210
2;200
2;732
2;900
2;20
2;740
2;732
2;343
2;713
2;732
2;740
2;732
2;713
516;517
517;500
517;516
517;510
520;580
520;490
520;625
520;698
520;2
520;651
530;920
530;840
530;210
530;350
530;211
530;100
530;800
530;20
530;220
530;900
530;640
530;200
530;732
530;2
530;200
530;325
530;211
530;355
530;360
530;210
530;345
530;710
530;140
530;365
530;2
530;20
530;560
530;220
530;900
530;220
530;200
530;290
530;920
530;350
530;712
530;385
530;375
530;501
530;40
20;316
20;310
20;368
20;290
20;365
20;350
20;212
20;343
20;343
20;211
20;390
20;220
20;255
20;395
20;325
20;385
20;210
20;235
20;230
20;640
20;200
20;2
20;339
20;920
20;840
20;210
20;350
20;211
20;100
20;800
20;530
20;220
20;900
20;640
20;200
20;732
20;2
20;305
20;373
20;355
20;366
20;375
20;372
20;205
20;663
20;368
20;600
20;235
20;365
20;317
20;349
20;380
20;225
20;696
20;369
20;211
20;316
20;390
20;220
20;255
20;350
20;310
20;395
20;212
20;385
20;230
20;640
20;200
20;160
20;325
20;210
20;290
20;360
20;2
20;2
20;255
20;350
20;210
20;235
20;230
20;702
20;220
20;640
20;770
20;365
20;200
20;2
20;704
20;900
20;200
20;211
20;390
20;220
20;255
20;325
20;385
20;210
20;235
20;230
20;640
20;200
20;2
20;160
20;305
20;373
20;211
20;355
20;316
20;390
20;366
20;375
20;220
20;255
20;350
20;372
20;310
20;395
20;205
20;325
20;663
20;368
20;212
20;600
20;385
20;210
20;290
20;235
20;365
20;317
20;349
20;230
20;380
20;225
20;640
20;696
20;200
20;369
20;2
20;325
20;211
20;355
20;360
20;210
20;345
20;710
20;140
20;365
20;2
20;530
20;560
20;220
20;900
20;220
20;200
20;290
20;920
20;350
20;712
20;385
20;375
20;200
20;2
20;42
20;2
20;200
20;210
20;385
20;325
20;260
20;2
20;200
20;740
20;325
20;220
20;211
20;390
20;220
20;255
20;350
20;325
20;210
20;235
20;360
20;230
20;640
20;200
20;2
20;640
20;451
20;433
20;770
20;436
20;600
20;771
20;210
20;160
20;230
20;211
20;350
20;255
20;694
20;698
20;900
20;692
20;652
20;696
20;200
20;651
20;220
20;325
20;670
20;2
20;690
20;160
20;42
20;220
20;210
20;200
20;2
20;900
20;740
20;732
20;2
540;483
540;490
540;565
540;552
540;40
540;484
540;500
540;40
541;551
541;552
541;551
551;625
551;510
551;541
551;560
551;490
551;200
551;552
551;541
551;571
551;510
551;510
40;365
40;365
40;101
40;540
40;530
40;484
40;500
40;540
40;365
40;55
552;540
552;483
552;490
552;565
552;560
552;560
552;560
552;551
552;541
42;200
42;2
42;20
42;2
42;160
42;20
42;220
42;210
42;200
42;2
560;325
560;211
560;355
560;360
560;210
560;345
560;710
560;140
560;365
560;2
560;530
560;20
560;220
560;900
560;220
560;200
560;290
560;920
560;350
560;712
560;385
560;375
560;552
560;552
560;551
560;490
560;552
51;56
51;53
51;54
51;57
51;58
51;2
53;56
53;54
53;51
53;57
53;58
53;2
565;540
565;483
565;490
565;552
54;56
54;53
54;51
54;57
54;58
54;2
55;40
56;53
56;54
56;51
56;57
56;58
56;2
57;56
57;53
57;54
57;51
57;58
57;2
58;56
58;53
58;54
58;51
58;57
58;2
571;551
580;520
580;490
70;2
70;91
70;2
70;92
70;2
70;92
600;305
600;373
600;355
600;366
600;375
600;372
600;205
600;663
600;368
600;235
600;365
600;317
600;349
600;380
600;225
600;696
600;369
600;211
600;20
600;316
600;390
600;220
600;255
600;350
600;310
600;395
600;212
600;385
600;230
600;640
600;200
600;160
600;325
600;210
600;290
600;360
600;2
600;160
600;305
600;373
600;211
600;355
600;20
600;316
600;390
600;366
600;375
600;220
600;255
600;350
600;372
600;310
600;395
600;205
600;325
600;663
600;368
600;212
600;385
600;210
600;290
600;235
600;365
600;317
600;349
600;230
600;380
600;225
600;640
600;696
600;200
600;369
600;2
600;435
600;230
600;482
600;220
600;651
600;490
600;220
600;640
600;451
600;433
600;770
600;436
600;771
600;210
600;160
600;230
600;211
600;350
600;255
600;694
600;698
600;900
600;692
600;652
600;20
600;696
600;200
600;651
600;220
600;325
600;670
600;2
600;690
90;92
90;91
91;92
91;70
91;2
91;92
91;93
91;93
91;92
91;90
91;2
91;2
92;91
92;91
92;70
92;2
92;90
92;93
92;91
92;2
92;70
93;2
93;91
93;91
93;92
94;2
94;2
100;920
100;840
100;210
100;350
100;211
100;800
100;530
100;20
100;220
100;900
100;640
100;200
100;732
100;2
100;101
100;155
100;135
100;135
101;2
101;40
101;100
101;2
616;630
616;670
616;200
616;625
616;651
616;663
616;690
616;220
620;500
620;500
110;200
625;630
625;670
625;616
625;200
625;651
625;663
625;690
625;551
625;510
625;651
625;2
625;651
625;2
625;651
625;2
625;520
625;698
625;2
625;651
630;670
630;616
630;200
630;625
630;651
630;663
630;690
630;365
630;200
630;365
630;373
630;640
640;316
640;310
640;368
640;290
640;365
640;350
640;212
640;343
640;343
640;211
640;20
640;390
640;220
640;255
640;395
640;325
640;385
640;210
640;235
640;230
640;200
640;2
640;339
640;920
640;840
640;210
640;350
640;211
640;100
640;800
640;530
640;20
640;220
640;900
640;200
640;732
640;2
640;350
640;300
640;325
640;200
640;220
640;305
640;373
640;355
640;366
640;375
640;372
640;205
640;663
640;368
640;600
640;235
640;365
640;317
640;349
640;380
640;225
640;696
640;369
640;211
640;20
640;316
640;390
640;220
640;255
640;350
640;310
640;395
640;212
640;385
640;230
640;200
640;160
640;325
640;210
640;290
640;360
640;2
640;2
640;365
640;651
640;220
640;255
640;350
640;325
640;663
640;210
640;696
640;666
640;690
640;670
640;200
640;2
640;666
640;690
640;900
640;696
640;670
640;692
640;210
640;698
640;694
640;290
640;255
640;350
640;210
640;235
640;230
640;702
640;20
640;220
640;770
640;365
640;200
640;2
640;704
640;900
640;220
640;200
640;211
640;20
640;390
640;220
640;255
640;325
640;385
640;210
640;235
640;230
640;200
640;2
640;160
640;305
640;373
640;211
640;355
640;20
640;316
640;390
640;366
640;375
640;220
640;255
640;350
640;372
640;310
640;395
640;205
640;325
640;663
640;368
640;212
640;600
640;385
640;210
640;290
640;235
640;365
640;317
640;349
640;230
640;380
640;225
640;696
640;200
640;369
640;2
640;2
640;770
640;740
640;385
640;2
640;300
640;355
640;255
640;355
640;300
640;255
640;255
640;355
640;663
640;645
640;2
640;345
640;350
640;360
640;2
640;220
640;200
640;255
640;255
640;355
640;300
640;211
640;20
640;390
640;220
640;255
640;350
640;325
640;210
640;235
640;360
640;230
640;200
640;2
640;373
640;630
640;451
640;433
640;770
640;436
640;600
640;771
640;210
640;160
640;230
640;211
640;350
640;255
640;694
640;698
640;900
640;692
640;652
640;20
640;696
640;200
640;651
640;220
640;325
640;670
640;2
640;690
130;145
130;155
130;135
645;651
645;365
645;255
645;2
645;2
645;663
645;2
645;640
645;690
645;670
645;651
645;652
645;663
645;365
645;652
645;663
645;670
645;651
645;652
645;660
645;651
645;663
645;652
645;651
645;652
645;663
135;145
135;145
135;130
135;155
135;155
135;155
135;145
135;155
135;155
135;100
135;100
651;630
651;670
651;616
651;200
651;625
651;663
651;690
651;645
651;365
651;640
651;220
651;255
651;350
651;325
651;663
651;210
651;696
651;666
651;690
651;670
651;200
651;2
651;666
651;690
651;900
651;696
651;670
651;692
651;210
651;698
651;694
651;290
651;365
651;652
651;365
651;365
651;652
651;690
651;670
651;645
651;652
651;663
651;663
651;670
651;645
651;652
651;660
651;678
651;678
651;365
651;645
651;660
651;663
651;652
651;482
651;220
651;600
651;490
651;645
651;678
651;625
651;625
651;2
651;2
651;625
651;520
651;625
651;698
651;2
651;2
651;652
651;663
651;652
651;652
651;652
651;652
651;2
651;640
651;451
651;433
651;770
651;436
651;600
651;771
651;210
651;160
651;230
651;211
651;350
651;255
651;694
651;698
651;900
651;692
651;652
651;20
651;696
651;200
651;220
651;325
651;670
651;2
651;690
140;325
140;211
140;355
140;360
140;210
140;345
140;710
140;365
140;2
140;530
140;20
140;560
140;220
140;900
140;220
140;200
140;290
140;920
140;350
140;712
140;385
140;375
140;160
652;660
652;660
652;660
652;660
652;660
652;652
652;652
652;652
652;652
652;652
652;652
652;652
652;652
652;652
652;652
652;652
652;652
652;652
652;652
652;652
652;652
652;652
652;652
652;652
652;652
652;651
652;365
652;651
652;365
652;690
652;670
652;645
652;651
652;663
652;365
652;645
652;663
652;670
652;645
652;651
652;645
652;660
652;651
652;663
652;645
652;651
652;663
652;651
652;651
652;651
652;651
652;660
652;660
652;640
652;451
652;433
652;770
652;436
652;600
652;771
652;210
652;160
652;230
652;211
652;350
652;255
652;694
652;698
652;900
652;692
652;20
652;696
652;200
652;651
652;220
652;325
652;670
652;2
652;690
145;135
145;130
145;155
145;135
145;135
145;150
660;652
660;652
660;652
660;652
660;652
660;651
660;645
660;651
660;663
660;652
660;652
660;652
150;145
663;305
663;373
663;355
663;366
663;375
663;372
663;205
663;368
663;600
663;235
663;365
663;317
663;349
663;380
663;225
663;696
663;369
663;211
663;20
663;316
663;390
663;220
663;255
663;350
663;310
663;395
663;212
663;385
663;230
663;640
663;200
663;160
663;325
663;210
663;290
663;360
663;2
663;630
663;670
663;616
663;200
663;625
663;651
663;690
663;640
663;651
663;220
663;255
663;350
663;325
663;210
663;696
663;666
663;690
663;670
663;200
663;2
663;666
663;690
663;900
663;696
663;670
663;692
663;210
663;698
663;694
663;290
663;160
663;305
663;373
663;211
663;355
663;20
663;316
663;390
663;366
663;375
663;220
663;255
663;350
663;372
663;310
663;395
663;205
663;325
663;368
663;212
663;600
663;385
663;210
663;290
663;235
663;365
663;317
663;349
663;230
663;380
663;225
663;640
663;696
663;200
663;369
663;2
663;645
663;2
663;640
663;200
663;690
663;670
663;645
663;651
663;652
663;200
663;2
663;666
663;670
663;645
663;651
663;652
663;670
663;2
663;645
663;660
663;651
663;652
663;666
663;200
663;651
663;652
663;645
666;640
666;640
666;651
666;651
666;220
666;220
666;255
666;255
666;350
666;350
666;325
666;325
666;663
666;663
666;210
666;210
666;696
666;696
666;690
666;670
666;200
666;2
666;666
666;666
666;690
666;900
666;696
666;670
666;692
666;210
666;698
666;694
666;290
666;690
666;670
666;200
666;2
666;690
666;900
666;696
666;670
666;692
666;210
666;698
666;694
666;290
666;220
666;200
666;2
666;2
666;2
666;200
666;2
666;663
666;663
155;145
155;130
155;135
155;135
155;135
155;100
155;135
155;135
155;160
155;160
670;630
670;616
670;200
670;625
670;651
670;663
670;690
670;640
670;640
670;651
670;651
670;220
670;220
670;255
670;255
670;350
670;350
670;325
670;325
670;663
670;663
670;210
670;210
670;696
670;696
670;666
670;666
670;690
670;690
670;200
670;2
670;666
670;690
670;900
670;696
670;670
670;670
670;692
670;210
670;698
670;694
670;290
670;200
670;2
670;666
670;690
670;900
670;696
670;692
670;210
670;698
670;694
670;290
670;690
670;645
670;651
670;652
670;663
670;663
670;645
670;651
670;652
670;663
670;2
670;690
670;692
670;696
670;694
670;690
670;2
670;200
670;220
670;690
670;365
670;694
670;692
670;696
670;698
670;690
670;2
670;200
670;690
670;640
670;451
670;433
670;770
670;436
670;600
670;771
670;210
670;160
670;230
670;211
670;350
670;255
670;694
670;698
670;900
670;692
670;652
670;20
670;696
670;200
670;651
670;220
670;325
670;2
670;690
160;305
160;373
160;355
160;366
160;375
160;372
160;205
160;663
160;368
160;600
160;235
160;365
160;317
160;349
160;380
160;225
160;696
160;369
160;211
160;20
160;316
160;390
160;220
160;255
160;350
160;310
160;395
160;212
160;385
160;230
160;640
160;200
160;325
160;210
160;290
160;360
160;2
160;305
160;373
160;211
160;355
160;20
160;316
160;390
160;366
160;375
160;220
160;255
160;350
160;372
160;310
160;395
160;205
160;325
160;663
160;368
160;212
160;600
160;385
160;210
160;290
160;235
160;365
160;317
160;349
160;230
160;380
160;225
160;640
160;696
160;200
160;369
160;2
160;140
160;155
160;385
160;155
160;640
160;451
160;433
160;770
160;436
160;600
160;771
160;210
160;230
160;211
160;350
160;255
160;694
160;698
160;900
160;692
160;652
160;20
160;696
160;200
160;651
160;220
160;325
160;670
160;2
160;690
160;20
160;42
160;220
160;210
160;200
160;2
678;651
678;651
678;325
678;200
678;220
678;651
690;630
690;670
690;616
690;200
690;625
690;651
690;663
690;692
690;220
690;698
690;696
690;200
690;2
690;200
690;2
690;640
690;640
690;651
690;651
690;220
690;220
690;255
690;255
690;350
690;350
690;325
690;325
690;663
690;663
690;210
690;210
690;696
690;696
690;666
690;666
690;670
690;200
690;2
690;666
690;690
690;690
690;900
690;696
690;670
690;692
690;210
690;698
690;694
690;290
690;670
690;200
690;2
690;666
690;900
690;696
690;670
690;692
690;210
690;698
690;694
690;290
690;670
690;645
690;651
690;652
690;663
690;670
690;692
690;696
690;670
690;694
690;2
690;200
690;220
690;365
690;670
690;220
690;200
690;2
690;694
690;692
690;696
690;698
690;670
690;670
690;2
690;200
690;640
690;451
690;433
690;770
690;436
690;600
690;771
690;210
690;160
690;230
690;211
690;350
690;255
690;694
690;698
690;900
690;692
690;652
690;20
690;696
690;200
690;651
690;220
690;325
690;670
690;2
692;220
692;690
692;698
692;696
692;200
692;2
692;640
692;651
692;220
692;255
692;350
692;325
692;663
692;210
692;696
692;666
692;690
692;670
692;200
692;2
692;666
692;690
692;900
692;696
692;670
692;210
692;698
692;694
692;290
692;696
692;670
692;694
692;690
692;694
692;696
692;698
692;670
692;690
692;640
692;451
692;433
692;770
692;436
692;600
692;771
692;210
692;160
692;230
692;211
692;350
692;255
692;694
692;698
692;900
692;652
692;20
692;696
692;200
692;651
692;220
692;325
692;670
692;2
692;690
694;640
694;651
694;220
694;255
694;350
694;325
694;663
694;210
694;696
694;666
694;690
694;670
694;200
694;2
694;666
694;690
694;900
694;696
694;670
694;692
694;210
694;698
694;290
694;692
694;696
694;670
694;690
694;692
694;696
694;698
694;670
694;690
694;640
694;451
694;433
694;770
694;436
694;600
694;771
694;210
694;160
694;230
694;211
694;350
694;255
694;698
694;900
694;692
694;652
694;20
694;696
694;200
694;651
694;220
694;325
694;670
694;2
694;690
696;305
696;373
696;355
696;366
696;375
696;372
696;205
696;663
696;368
696;600
696;235
696;365
696;317
696;349
696;380
696;225
696;369
696;211
696;20
696;316
696;390
696;220
696;255
696;350
696;310
696;395
696;212
696;385
696;230
696;640
696;200
696;160
696;325
696;210
696;290
696;360
696;2
696;692
696;220
696;690
696;698
696;200
696;2
696;640
696;640
696;651
696;651
696;220
696;220
696;255
696;255
696;350
696;350
696;325
696;325
696;663
696;663
696;210
696;210
696;666
696;690
696;670
696;200
696;2
696;666
696;690
696;900
696;696
696;696
696;670
696;692
696;210
696;698
696;694
696;290
696;666
696;690
696;670
696;200
696;2
696;666
696;690
696;900
696;670
696;692
696;210
696;698
696;694
696;290
696;160
696;305
696;373
696;211
696;355
696;20
696;316
696;390
696;366
696;375
696;220
696;255
696;350
696;372
696;310
696;395
696;205
696;325
696;663
696;368
696;212
696;600
696;385
696;210
696;290
696;235
696;365
696;317
696;349
696;230
696;380
696;225
696;640
696;200
696;369
696;2
696;692
696;670
696;694
696;690
696;694
696;692
696;698
696;670
696;690
696;640
696;451
696;433
696;770
696;436
696;600
696;771
696;210
696;160
696;230
696;211
696;350
696;255
696;694
696;698
696;900
696;692
696;652
696;20
696;200
696;651
696;220
696;325
696;670
696;2
696;690
698;692
698;220
698;690
698;696
698;200
698;2
698;640
698;651
698;220
698;255
698;350
698;325
698;663
698;210
698;696
698;666
698;690
698;670
698;200
698;2
698;666
698;690
698;900
698;696
698;670
698;692
698;210
698;694
698;290
698;520
698;625
698;2
698;651
698;2
698;694
698;692
698;696
698;670
698;690
698;640
698;451
698;433
698;770
698;436
698;600
698;771
698;210
698;160
698;230
698;211
698;350
698;255
698;694
698;900
698;692
698;652
698;20
698;696
698;200
698;651
698;220
698;325
698;670
698;2
698;690
700;2
700;365
700;365
701;703
701;705
701;704
701;365
701;702
702;703
702;365
702;704
702;365
702;704
702;255
702;350
702;210
702;235
702;230
702;20
702;220
702;640
702;770
702;365
702;200
702;2
702;704
702;900
702;703
702;705
702;701
702;704
702;365
703;365
703;702
703;704
703;705
703;701
703;704
703;365
703;702
704;703
704;365
704;702
704;365
704;365
704;702
704;255
704;350
704;210
704;235
704;230
704;702
704;20
704;220
704;640
704;770
704;365
704;200
704;2
704;900
704;703
704;705
704;701
704;365
704;702
705;703
705;701
705;704
705;365
705;702
710;365
710;731
710;365
710;325
710;211
710;355
710;360
710;210
710;345
710;140
710;365
710;2
710;530
710;20
710;560
710;220
710;900
710;220
710;200
710;290
710;920
710;350
710;712
710;385
710;375
710;365
710;816
710;811
710;816
710;365
710;816
710;365
710;713
710;790
710;200
710;2
710;730
710;811
710;713
710;840
710;816
710;365
710;816
200;365
200;211
200;220
200;315
200;2
200;220
200;740
200;211
200;220
200;2
200;220
200;220
200;2
200;260
200;300
200;325
200;255
200;2
200;220
200;365
200;740
200;316
200;310
200;368
200;290
200;365
200;350
200;212
200;343
200;343
200;211
200;20
200;390
200;220
200;255
200;395
200;325
200;385
200;210
200;235
200;230
200;640
200;2
200;339
200;920
200;840
200;210
200;350
200;211
200;100
200;800
200;530
200;20
200;220
200;900
200;640
200;732
200;2
200;220
200;255
200;300
200;325
200;365
200;300
200;325
200;640
200;220
200;305
200;373
200;355
200;366
200;375
200;372
200;205
200;663
200;368
200;600
200;235
200;365
200;317
200;349
200;380
200;225
200;696
200;369
200;211
200;20
200;316
200;390
200;220
200;255
200;350
200;310
200;395
200;212
200;385
200;230
200;640
200;160
200;325
200;210
200;290
200;360
200;2
200;325
200;255
200;300
200;365
200;530
200;630
200;670
200;616
200;625
200;651
200;663
200;690
200;220
200;2
200;325
200;211
200;220
200;365
200;220
200;325
200;300
200;325
200;220
200;230
200;220
200;255
200;325
200;365
200;220
200;300
200;350
200;325
200;2
200;235
200;230
200;220
200;740
200;220
200;365
200;220
200;220
200;2
200;692
200;220
200;690
200;698
200;696
200;2
200;690
200;2
200;640
200;651
200;220
200;255
200;350
200;325
200;663
200;210
200;696
200;666
200;690
200;670
200;2
200;666
200;690
200;900
200;696
200;670
200;692
200;210
200;698
200;694
200;290
200;255
200;350
200;210
200;235
200;230
200;702
200;20
200;220
200;640
200;770
200;365
200;2
200;704
200;900
200;2
200;390
200;800
200;740
200;220
200;325
200;2
200;220
200;20
200;220
200;2
200;666
200;2
200;300
200;325
200;255
200;365
200;300
200;220
200;210
200;740
200;640
200;220
200;220
200;210
200;2
200;211
200;20
200;390
200;220
200;255
200;325
200;385
200;210
200;235
200;230
200;640
200;2
200;160
200;305
200;373
200;211
200;355
200;20
200;316
200;390
200;366
200;375
200;220
200;255
200;350
200;372
200;310
200;395
200;205
200;325
200;663
200;368
200;212
200;600
200;385
200;210
200;290
200;235
200;365
200;317
200;349
200;230
200;380
200;225
200;640
200;696
200;369
200;2
200;2
200;325
200;255
200;2
200;740
200;2
200;360
200;220
200;211
200;365
200;350
200;325
200;345
200;235
200;325
200;211
200;355
200;360
200;210
200;345
200;710
200;140
200;365
200;2
200;530
200;20
200;560
200;220
200;900
200;220
200;290
200;920
200;350
200;712
200;385
200;375
200;220
200;220
200;325
200;220
200;325
200;220
200;220
200;220
200;211
200;220
200;365
200;380
200;390
200;220
200;325
200;365
200;345
200;365
200;2
200;365
200;2
200;365
200;220
200;2
200;220
200;220
200;2
200;20
200;42
200;663
200;2
200;663
200;666
200;900
200;820
200;678
200;325
200;220
200;630
200;220
200;345
200;325
200;360
200;315
200;367
200;290
200;366
200;2
200;800
200;812
200;920
200;900
200;710
200;2
200;325
200;2
200;220
200;220
200;220
200;230
200;220
200;255
200;365
200;220
200;300
200;2
200;230
200;220
200;900
200;2
200;551
200;2
200;220
200;220
200;255
200;2
200;365
200;325
200;740
200;2
200;210
200;385
200;325
200;260
200;20
200;2
200;110
200;220
200;350
200;360
200;345
200;220
200;325
200;2
200;220
200;640
200;255
200;367
200;290
200;366
200;2
200;740
200;325
200;20
200;220
200;365
200;255
200;220
200;300
200;325
200;385
200;450
200;325
200;345
200;315
200;310
200;220
200;663
200;2
200;2
200;211
200;20
200;390
200;220
200;255
200;350
200;325
200;210
200;235
200;360
200;230
200;640
200;2
200;2
200;220
200;690
200;365
200;670
200;690
200;220
200;2
200;670
200;2
200;690
200;2
200;220
200;640
200;451
200;433
200;770
200;436
200;600
200;771
200;210
200;160
200;230
200;211
200;350
200;255
200;694
200;698
200;900
200;692
200;652
200;20
200;696
200;651
200;220
200;325
200;670
200;2
200;690
200;220
200;2
200;160
200;20
200;42
200;220
200;210
200;2
712;365
712;365
712;325
712;211
712;355
712;360
712;210
712;345
712;710
712;140
712;365
712;2
712;530
712;20
712;560
712;220
712;900
712;220
712;200
712;290
712;920
712;350
712;385
712;375
712;365
712;365
713;732
713;2
713;2
713;2
713;2
713;740
713;2
713;710
713;2
713;2
713;2
713;732
713;710
713;840
713;2
713;2
205;305
205;373
205;355
205;366
205;375
205;372
205;663
205;368
205;600
205;235
205;365
205;317
205;349
205;380
205;225
205;696
205;369
205;211
205;20
205;316
205;390
205;220
205;255
205;350
205;310
205;395
205;212
205;385
205;230
205;640
205;200
205;160
205;325
205;210
205;290
205;360
205;2
205;160
205;305
205;373
205;211
205;355
205;20
205;316
205;390
205;366
205;375
205;220
205;255
205;350
205;372
205;310
205;395
205;325
205;663
205;368
205;212
205;600
205;385
205;210
205;290
205;235
205;365
205;317
205;349
205;230
205;380
205;225
205;640
205;696
205;200
205;369
205;2
210;316
210;310
210;368
210;290
210;365
210;350
210;212
210;343
210;343
210;211
210;20
210;390
210;220
210;255
210;395
210;325
210;385
210;235
210;230
210;640
210;200
210;2
210;339
210;920
210;840
210;350
210;211
210;100
210;800
210;530
210;20
210;220
210;900
210;640
210;200
210;732
210;2
210;305
210;373
210;355
210;366
210;375
210;372
210;205
210;663
210;368
210;600
210;235
210;365
210;317
210;349
210;380
210;225
210;696
210;369
210;211
210;20
210;316
210;390
210;220
210;255
210;350
210;310
210;395
210;212
210;385
210;230
210;640
210;200
210;160
210;325
210;290
210;360
210;2
210;640
210;640
210;651
210;651
210;220
210;220
210;255
210;255
210;350
210;350
210;325
210;325
210;663
210;663
210;696
210;666
210;690
210;670
210;200
210;2
210;666
210;690
210;900
210;696
210;670
210;692
210;210
210;210
210;698
210;694
210;290
210;696
210;666
210;690
210;670
210;200
210;2
210;666
210;690
210;900
210;696
210;670
210;692
210;698
210;694
210;290
210;255
210;350
210;235
210;230
210;702
210;20
210;220
210;640
210;770
210;365
210;200
210;2
210;704
210;900
210;220
210;200
210;220
210;200
210;2
210;211
210;20
210;390
210;220
210;255
210;325
210;385
210;235
210;230
210;640
210;200
210;2
210;160
210;305
210;373
210;211
210;355
210;20
210;316
210;390
210;366
210;375
210;220
210;255
210;350
210;372
210;310
210;395
210;205
210;325
210;663
210;368
210;212
210;600
210;385
210;290
210;235
210;365
210;317
210;349
210;230
210;380
210;225
210;640
210;696
210;200
210;369
210;2
210;325
210;211
210;355
210;360
210;345
210;710
210;140
210;365
210;2
210;530
210;20
210;560
210;220
210;900
210;220
210;200
210;290
210;920
210;350
210;712
210;385
210;375
210;255
210;2
210;200
210;385
210;325
210;260
210;20
210;211
210;211
210;20
210;390
210;220
210;255
210;350
210;325
210;235
210;360
210;230
210;640
210;200
210;2
210;640
210;451
210;433
210;770
210;436
210;600
210;771
210;160
210;230
210;211
210;350
210;255
210;694
210;698
210;900
210;692
210;652
210;20
210;696
210;200
210;651
210;220
210;325
210;670
210;2
210;690
210;160
210;20
210;42
210;220
210;200
210;2
211;365
211;200
211;220
211;315
211;200
211;220
211;316
211;310
211;368
211;290
211;365
211;350
211;212
211;343
211;343
211;20
211;390
211;220
211;255
211;395
211;325
211;385
211;210
211;235
211;230
211;640
211;200
211;2
211;339
211;920
211;840
211;210
211;350
211;100
211;800
211;530
211;20
211;220
211;900
211;640
211;200
211;732
211;2
211;305
211;373
211;355
211;366
211;375
211;372
211;205
211;663
211;368
211;600
211;235
211;365
211;317
211;349
211;380
211;225
211;696
211;369
211;20
211;316
211;390
211;220
211;255
211;350
211;310
211;395
211;212
211;385
211;230
211;640
211;200
211;160
211;325
211;210
211;290
211;360
211;2
211;325
211;200
211;220
211;220
211;220
211;220
211;20
211;390
211;220
211;255
211;325
211;385
211;210
211;235
211;230
211;640
211;200
211;2
211;160
211;305
211;373
211;355
211;20
211;316
211;390
211;366
211;375
211;220
211;255
211;350
211;372
211;310
211;395
211;205
211;325
211;663
211;368
211;212
211;600
211;385
211;210
211;290
211;235
211;365
211;317
211;349
211;230
211;380
211;225
211;640
211;696
211;200
211;369
211;2
211;740
211;2
211;200
211;360
211;220
211;365
211;350
211;325
211;345
211;235
211;325
211;355
211;360
211;210
211;345
211;710
211;140
211;365
211;2
211;530
211;20
211;560
211;220
211;900
211;220
211;200
211;290
211;920
211;350
211;712
211;385
211;375
211;220
211;200
211;210
211;20
211;390
211;220
211;255
211;350
211;325
211;210
211;235
211;360
211;230
211;640
211;200
211;2
211;640
211;451
211;433
211;770
211;436
211;600
211;771
211;210
211;160
211;230
211;350
211;255
211;694
211;698
211;900
211;692
211;652
211;20
211;696
211;200
211;651
211;220
211;325
211;670
211;2
211;690
211;220
212;316
212;310
212;368
212;290
212;365
212;350
212;343
212;343
212;211
212;20
212;390
212;220
212;255
212;395
212;325
212;385
212;210
212;235
212;230
212;640
212;200
212;2
212;339
212;305
212;373
212;355
212;366
212;375
212;372
212;205
212;663
212;368
212;600
212;235
212;365
212;317
212;349
212;380
212;225
212;696
212;369
212;211
212;20
212;316
212;390
212;220
212;255
212;350
212;310
212;395
212;385
212;230
212;640
212;200
212;160
212;325
212;210
212;290
212;360
212;2
212;160
212;305
212;373
212;211
212;355
212;20
212;316
212;390
212;366
212;375
212;220
212;255
212;350
212;372
212;310
212;395
212;205
212;325
212;663
212;368
212;600
212;385
212;210
212;290
212;235
212;365
212;317
212;349
212;230
212;380
212;225
212;640
212;696
212;200
212;369
212;2
730;365
730;740
730;740
730;710
731;710
731;365
220;365
220;211
220;200
220;315
220;200
220;2
220;200
220;211
220;2
220;200
220;200
220;2
220;260
220;300
220;325
220;255
220;2
220;200
220;365
220;740
220;316
220;310
220;368
220;290
220;365
220;350
220;212
220;343
220;343
220;211
220;20
220;390
220;255
220;395
220;325
220;385
220;210
220;235
220;230
220;640
220;200
220;2
220;339
220;920
220;840
220;210
220;350
220;211
220;100
220;800
220;530
220;20
220;900
220;640
220;200
220;732
220;2
220;255
220;300
220;325
220;200
220;365
220;300
220;325
220;640
220;200
220;2
220;230
220;365
220;255
220;300
220;305
220;373
220;355
220;366
220;375
220;372
220;205
220;663
220;368
220;600
220;235
220;365
220;317
220;349
220;380
220;225
220;696
220;369
220;211
220;20
220;316
220;390
220;255
220;350
220;310
220;395
220;212
220;385
220;230
220;640
220;200
220;160
220;325
220;210
220;290
220;360
220;2
220;255
220;365
220;327
220;329
220;325
220;200
220;325
220;200
220;211
220;365
220;200
220;325
220;300
220;325
220;200
220;230
220;200
220;255
220;325
220;365
220;200
220;300
220;350
220;200
220;325
220;2
220;235
220;230
220;740
220;365
220;200
220;200
220;300
220;271
220;245
220;273
220;365
220;200
220;2
220;692
220;690
220;698
220;696
220;200
220;2
220;211
220;300
220;329
220;211
220;640
220;651
220;255
220;350
220;325
220;663
220;210
220;696
220;666
220;690
220;670
220;200
220;2
220;666
220;690
220;900
220;696
220;670
220;692
220;210
220;698
220;694
220;290
220;255
220;350
220;210
220;235
220;230
220;702
220;20
220;640
220;770
220;365
220;200
220;2
220;704
220;900
220;200
220;740
220;325
220;2
220;200
220;200
220;2
220;666
220;211
220;325
220;2
220;200
220;210
220;640
220;200
220;200
220;210
220;2
220;211
220;20
220;390
220;255
220;325
220;385
220;210
220;235
220;230
220;640
220;200
220;2
220;160
220;305
220;373
220;211
220;355
220;20
220;316
220;390
220;366
220;375
220;255
220;350
220;372
220;310
220;395
220;205
220;325
220;663
220;368
220;212
220;600
220;385
220;210
220;290
220;235
220;365
220;317
220;349
220;230
220;380
220;225
220;640
220;696
220;200
220;369
220;2
220;740
220;2
220;200
220;360
220;211
220;365
220;350
220;325
220;345
220;235
220;325
220;325
220;211
220;211
220;355
220;355
220;360
220;360
220;210
220;210
220;345
220;345
220;710
220;710
220;140
220;140
220;365
220;365
220;2
220;2
220;530
220;530
220;20
220;20
220;560
220;560
220;900
220;220
220;220
220;200
220;290
220;920
220;350
220;712
220;385
220;375
220;900
220;200
220;290
220;920
220;350
220;712
220;385
220;375
220;365
220;230
220;325
220;355
220;255
220;360
220;740
220;310
220;375
220;483
220;2
220;200
220;200
220;325
220;200
220;325
220;200
220;200
220;211
220;200
220;200
220;327
220;329
220;325
220;365
220;200
220;200
220;2
220;200
220;200
220;678
220;325
220;200
220;345
220;325
220;345
220;325
220;200
220;360
220;315
220;200
220;325
220;2
220;200
220;200
220;230
220;200
220;255
220;365
220;300
220;200
220;200
220;230
220;200
220;482
220;600
220;651
220;490
220;255
220;200
220;2
220;365
220;325
220;740
220;200
220;350
220;360
220;200
220;345
220;325
220;2
220;200
220;640
220;2
220;200
220;740
220;325
220;20
220;365
220;255
220;300
220;200
220;325
220;325
220;600
220;616
220;200
220;211
220;20
220;390
220;255
220;350
220;325
220;210
220;235
220;360
220;230
220;640
220;200
220;2
220;2
220;200
220;690
220;365
220;670
220;690
220;200
220;2
220;483
220;483
220;490
220;483
220;2
220;483
220;200
220;640
220;451
220;433
220;770
220;436
220;600
220;771
220;210
220;160
220;230
220;211
220;350
220;255
220;694
220;698
220;900
220;692
220;652
220;20
220;696
220;200
220;651
220;325
220;670
220;2
220;690
220;200
220;2
220;211
220;160
220;20
220;42
220;210
220;200
220;2
732;2
732;2
732;713
732;920
732;840
732;210
732;350
732;211
732;100
732;800
732;530
732;20
732;220
732;900
732;640
732;200
732;2
732;2
732;2
732;2
732;920
732;900
732;2
732;817
732;800
732;840
732;811
732;817
732;2
732;2
732;2
732;2
732;2
732;2
732;2
732;2
732;2
732;2
732;713
732;2
732;2
732;740
732;2
732;900
732;20
732;740
732;2
732;2
732;740
732;2
225;305
225;373
225;355
225;366
225;375
225;372
225;205
225;663
225;368
225;600
225;235
225;365
225;317
225;349
225;380
225;696
225;369
225;211
225;20
225;316
225;390
225;220
225;255
225;350
225;310
225;395
225;212
225;385
225;230
225;640
225;200
225;160
225;325
225;210
225;290
225;360
225;2
225;160
225;305
225;373
225;211
225;355
225;20
225;316
225;390
225;366
225;375
225;220
225;255
225;350
225;372
225;310
225;395
225;205
225;325
225;663
225;368
225;212
225;600
225;385
225;210
225;290
225;235
225;365
225;317
225;349
225;230
225;380
225;640
225;696
225;200
225;369
225;2
740;200
740;300
740;325
740;255
740;2
740;200
740;220
740;365
740;730
740;200
740;325
740;2
740;235
740;230
740;220
740;730
740;200
740;220
740;325
740;2
740;200
740;770
740;385
740;640
740;2
740;2
740;200
740;360
740;220
740;211
740;365
740;350
740;325
740;345
740;235
740;365
740;230
740;325
740;355
740;255
740;360
740;220
740;310
740;375
740;713
740;255
740;325
740;255
740;220
740;255
740;200
740;2
740;365
740;325
740;2
740;2
740;200
740;325
740;20
740;220
740;2
740;732
740;255
740;255
740;255
740;255
740;255
740;325
740;355
740;310
740;360
740;255
740;325
740;310
740;355
740;360
740;255
740;325
740;255
740;325
740;255
740;325
740;325
740;255
740;255
740;325
740;255
740;325
740;255
740;325
740;255
740;325
740;255
740;325
740;255
740;325
740;255
740;255
740;255
740;900
740;20
740;732
740;2
740;2
740;732
230;316
230;310
230;368
230;290
230;365
230;350
230;212
230;343
230;343
230;211
230;20
230;390
230;220
230;255
230;395
230;325
230;385
230;210
230;235
230;640
230;200
230;2
230;339
230;220
230;305
230;373
230;355
230;366
230;375
230;372
230;205
230;663
230;368
230;600
230;235
230;365
230;317
230;349
230;380
230;225
230;696
230;369
230;211
230;20
230;316
230;390
230;220
230;255
230;350
230;310
230;395
230;212
230;385
230;640
230;200
230;160
230;325
230;210
230;290
230;360
230;2
230;200
230;220
230;200
230;325
230;2
230;235
230;220
230;740
230;255
230;350
230;210
230;235
230;702
230;20
230;220
230;640
230;770
230;365
230;200
230;2
230;704
230;900
230;211
230;20
230;390
230;220
230;255
230;325
230;385
230;210
230;235
230;640
230;200
230;2
230;160
230;305
230;373
230;211
230;355
230;20
230;316
230;390
230;366
230;375
230;220
230;255
230;350
230;372
230;310
230;395
230;205
230;325
230;663
230;368
230;212
230;600
230;385
230;210
230;290
230;235
230;365
230;317
230;349
230;380
230;225
230;640
230;696
230;200
230;369
230;2
230;365
230;325
230;355
230;255
230;360
230;740
230;220
230;310
230;375
230;2
230;435
230;600
230;200
230;220
230;200
230;220
230;211
230;20
230;390
230;220
230;255
230;350
230;325
230;210
230;235
230;360
230;640
230;200
230;2
230;640
230;451
230;433
230;770
230;436
230;600
230;771
230;210
230;160
230;211
230;350
230;255
230;694
230;698
230;900
230;692
230;652
230;20
230;696
230;200
230;651
230;220
230;325
230;670
230;2
230;690
235;316
235;310
235;368
235;290
235;365
235;350
235;212
235;343
235;343
235;211
235;20
235;390
235;220
235;255
235;395
235;325
235;385
235;210
235;230
235;640
235;200
235;2
235;339
235;305
235;373
235;355
235;366
235;375
235;372
235;205
235;663
235;368
235;600
235;365
235;317
235;349
235;380
235;225
235;696
235;369
235;211
235;20
235;316
235;390
235;220
235;255
235;350
235;310
235;395
235;212
235;385
235;230
235;640
235;200
235;160
235;325
235;210
235;290
235;360
235;2
235;200
235;325
235;2
235;230
235;220
235;740
235;255
235;350
235;210
235;230
235;702
235;20
235;220
235;640
235;770
235;365
235;200
235;2
235;704
235;900
235;255
235;325
235;211
235;20
235;390
235;220
235;255
235;325
235;385
235;210
235;230
235;640
235;200
235;2
235;160
235;305
235;373
235;211
235;355
235;20
235;316
235;390
235;366
235;375
235;220
235;255
235;350
235;372
235;310
235;395
235;205
235;325
235;663
235;368
235;212
235;600
235;385
235;210
235;290
235;365
235;317
235;349
235;230
235;380
235;225
235;640
235;696
235;200
235;369
235;2
235;740
235;2
235;200
235;360
235;220
235;211
235;365
235;350
235;325
235;345
235;211
235;20
235;390
235;220
235;255
235;350
235;325
235;210
235;360
235;230
235;640
235;200
235;2
240;267
240;271
240;275
240;269
240;300
240;255
240;267
240;273
240;275
240;271
240;245
240;269
240;300
240;245
240;269
240;255
240;269
245;255
245;267
245;271
245;300
245;271
245;273
245;220
245;365
245;267
245;273
245;275
245;271
245;240
245;269
245;300
245;240
245;269
245;255
255;300
255;325
255;2
255;200
255;220
255;365
255;740
255;316
255;310
255;368
255;290
255;365
255;350
255;212
255;343
255;343
255;211
255;20
255;390
255;220
255;395
255;325
255;385
255;210
255;235
255;230
255;640
255;200
255;2
255;339
255;220
255;300
255;325
255;200
255;365
255;267
255;271
255;245
255;365
255;300
255;220
255;305
255;373
255;355
255;366
255;375
255;372
255;205
255;663
255;368
255;600
255;235
255;365
255;317
255;349
255;380
255;225
255;696
255;369
255;211
255;20
255;316
255;390
255;220
255;350
255;310
255;395
255;212
255;385
255;230
255;640
255;200
255;160
255;325
255;210
255;290
255;360
255;2
255;325
255;200
255;300
255;365
255;220
255;365
255;300
255;325
255;365
255;220
255;200
255;300
255;350
255;640
255;651
255;220
255;350
255;325
255;663
255;210
255;696
255;666
255;690
255;670
255;200
255;2
255;666
255;690
255;900
255;696
255;670
255;692
255;210
255;698
255;694
255;290
255;350
255;210
255;235
255;230
255;702
255;20
255;220
255;640
255;770
255;365
255;200
255;2
255;704
255;900
255;240
255;267
255;271
255;275
255;269
255;300
255;235
255;325
255;365
255;300
255;200
255;211
255;20
255;390
255;220
255;325
255;385
255;210
255;235
255;230
255;640
255;200
255;2
255;160
255;305
255;373
255;211
255;355
255;20
255;316
255;390
255;366
255;375
255;220
255;350
255;372
255;310
255;395
255;205
255;325
255;663
255;368
255;212
255;600
255;385
255;210
255;290
255;235
255;365
255;317
255;349
255;230
255;380
255;225
255;640
255;696
255;200
255;369
255;2
255;325
255;200
255;640
255;300
255;355
255;365
255;230
255;325
255;355
255;360
255;740
255;220
255;310
255;375
255;325
255;280
255;640
255;300
255;355
255;640
255;210
255;245
255;240
255;269
255;645
255;300
255;300
255;740
255;325
255;740
255;365
255;220
255;300
255;200
255;220
255;200
255;2
255;365
255;325
255;740
255;2
255;365
255;367
255;290
255;200
255;300
255;365
255;220
255;300
255;200
255;325
255;365
255;300
255;640
255;300
255;640
255;355
255;300
255;325
255;740
255;740
255;740
255;740
255;740
255;325
255;355
255;310
255;360
255;740
255;325
255;310
255;355
255;360
255;325
255;740
255;325
255;740
255;325
255;740
255;740
255;325
255;325
255;740
255;740
255;325
255;325
255;740
255;740
255;325
255;740
255;325
255;740
255;740
255;325
255;211
255;20
255;390
255;220
255;350
255;325
255;210
255;235
255;360
255;230
255;640
255;200
255;2
255;740
255;740
255;310
255;355
255;310
255;355
255;360
255;325
255;640
255;451
255;433
255;770
255;436
255;600
255;771
255;210
255;160
255;230
255;211
255;350
255;694
255;698
255;900
255;692
255;652
255;20
255;696
255;200
255;651
255;220
255;325
255;670
255;2
255;690
770;255
770;350
770;210
770;235
770;230
770;702
770;20
770;220
770;640
770;365
770;200
770;2
770;704
770;900
770;740
770;385
770;640
770;2
770;365
770;365
770;640
770;451
770;433
770;436
770;600
770;771
770;210
770;160
770;230
770;211
770;350
770;255
770;694
770;698
770;900
770;692
770;652
770;20
770;696
770;200
770;651
770;220
770;325
770;670
770;2
770;690
771;640
771;451
771;433
771;770
771;436
771;600
771;210
771;160
771;230
771;211
771;350
771;255
771;694
771;698
771;900
771;692
771;652
771;20
771;696
771;200
771;651
771;220
771;325
771;670
771;2
771;690
260;200
260;220
260;2
260;2
260;2
260;2
260;200
260;210
260;385
260;325
260;20
260;2
260;2
260;390
265;315
265;290
265;365
265;290
265;365
265;310
265;355
265;365
265;365
265;365
265;390
267;255
267;271
267;245
267;240
267;271
267;275
267;269
267;300
267;255
267;273
267;275
267;271
267;245
267;240
267;269
267;300
269;240
269;267
269;271
269;275
269;300
269;255
269;267
269;273
269;275
269;271
269;245
269;240
269;300
269;245
269;240
269;255
269;240
271;255
271;267
271;245
271;300
271;245
271;273
271;220
271;365
271;240
271;267
271;275
271;269
271;300
271;255
271;267
271;273
271;275
271;245
271;240
271;269
271;300
273;300
273;271
273;245
273;220
273;365
273;267
273;275
273;271
273;245
273;240
273;269
273;300
275;240
275;267
275;271
275;269
275;300
275;255
275;267
275;273
275;271
275;245
275;240
275;269
275;300
790;710
280;325
280;255
800;920
800;840
800;210
800;350
800;211
800;100
800;530
800;20
800;220
800;900
800;640
800;200
800;732
800;2
800;200
800;920
800;900
800;732
800;2
800;817
800;840
800;811
800;817
800;2
800;2
800;812
800;920
800;200
800;900
800;812
800;2
290;315
290;265
290;365
290;316
290;310
290;368
290;365
290;350
290;212
290;343
290;343
290;211
290;20
290;390
290;220
290;255
290;395
290;325
290;385
290;210
290;235
290;230
290;640
290;200
290;2
290;339
290;305
290;373
290;355
290;366
290;375
290;372
290;205
290;663
290;368
290;600
290;235
290;365
290;317
290;349
290;380
290;225
290;696
290;369
290;211
290;20
290;316
290;390
290;220
290;255
290;350
290;310
290;395
290;212
290;385
290;230
290;640
290;200
290;160
290;325
290;210
290;360
290;2
290;640
290;651
290;220
290;255
290;350
290;325
290;663
290;210
290;696
290;666
290;690
290;670
290;200
290;2
290;666
290;690
290;900
290;696
290;670
290;692
290;210
290;698
290;694
290;160
290;305
290;373
290;211
290;355
290;20
290;316
290;390
290;366
290;375
290;220
290;255
290;350
290;372
290;310
290;395
290;205
290;325
290;663
290;368
290;212
290;600
290;385
290;210
290;235
290;365
290;317
290;349
290;230
290;380
290;225
290;640
290;696
290;200
290;369
290;2
290;325
290;211
290;355
290;360
290;210
290;345
290;710
290;140
290;365
290;2
290;530
290;20
290;560
290;220
290;900
290;220
290;200
290;920
290;350
290;712
290;385
290;375
290;365
290;310
290;265
290;355
290;367
290;366
290;200
290;365
290;368
290;255
290;367
290;200
811;920
811;900
811;732
811;2
811;817
811;800
811;840
811;710
811;816
811;710
300;325
300;255
300;2
300;200
300;220
300;365
300;740
300;220
300;255
300;325
300;200
300;365
300;325
300;640
300;200
300;220
300;365
300;255
300;220
300;325
300;200
300;255
300;365
300;255
300;365
300;365
300;200
300;220
300;325
300;255
300;325
300;365
300;220
300;200
300;350
300;271
300;245
300;273
300;220
300;365
300;220
300;329
300;240
300;267
300;271
300;275
300;269
300;255
300;325
300;200
300;255
300;365
300;200
300;640
300;355
300;255
300;267
300;273
300;275
300;271
300;245
300;240
300;269
300;640
300;255
300;255
300;255
300;255
300;365
300;220
300;200
300;255
300;365
300;255
300;220
300;200
300;325
300;365
300;255
300;255
300;640
300;255
300;355
812;2
812;800
812;920
812;200
812;900
812;800
812;2
816;710
816;365
816;811
816;365
816;710
816;710
816;365
816;365
816;365
816;710
816;710
305;373
305;355
305;366
305;375
305;372
305;205
305;663
305;368
305;600
305;235
305;365
305;317
305;349
305;380
305;225
305;696
305;369
305;211
305;20
305;316
305;390
305;220
305;255
305;350
305;310
305;395
305;212
305;385
305;230
305;640
305;200
305;160
305;325
305;210
305;290
305;360
305;2
305;160
305;373
305;211
305;355
305;20
305;316
305;390
305;366
305;375
305;220
305;255
305;350
305;372
305;310
305;395
305;205
305;325
305;663
305;368
305;212
305;600
305;385
305;210
305;290
305;235
305;365
305;317
305;349
305;230
305;380
305;225
305;640
305;696
305;200
305;369
305;2
305;360
817;920
817;900
817;732
817;2
817;800
817;840
817;811
817;2
817;800
817;2
817;732
817;2
817;840
817;2
820;200
820;900
310;316
310;368
310;290
310;365
310;350
310;212
310;343
310;343
310;211
310;20
310;390
310;220
310;255
310;395
310;325
310;385
310;210
310;235
310;230
310;640
310;200
310;2
310;339
310;305
310;373
310;355
310;366
310;375
310;372
310;205
310;663
310;368
310;600
310;235
310;365
310;317
310;349
310;380
310;225
310;696
310;369
310;211
310;20
310;316
310;390
310;220
310;255
310;350
310;395
310;212
310;385
310;230
310;640
310;200
310;160
310;325
310;210
310;290
310;360
310;2
310;160
310;305
310;373
310;211
310;355
310;20
310;316
310;390
310;366
310;375
310;220
310;255
310;350
310;372
310;395
310;205
310;325
310;663
310;368
310;212
310;600
310;385
310;210
310;290
310;235
310;365
310;317
310;349
310;230
310;380
310;225
310;640
310;696
310;200
310;369
310;2
310;365
310;230
310;325
310;355
310;255
310;360
310;740
310;220
310;375
310;290
310;365
310;265
310;355
310;365
310;355
310;360
310;355
310;360
310;355
310;360
310;365
310;365
310;315
310;325
310;345
310;315
310;200
310;740
310;255
310;325
310;355
310;360
310;740
310;255
310;325
310;355
310;360
310;255
310;355
310;255
315;365
315;211
315;200
315;220
315;290
315;265
315;365
315;345
315;325
315;365
315;220
315;345
315;325
315;200
315;360
315;365
315;310
315;365
315;325
315;345
315;310
315;200
316;310
316;368
316;290
316;365
316;350
316;212
316;343
316;343
316;211
316;20
316;390
316;220
316;255
316;395
316;325
316;385
316;210
316;235
316;230
316;640
316;200
316;2
316;339
316;305
316;373
316;355
316;366
316;375
316;372
316;205
316;663
316;368
316;600
316;235
316;365
316;317
316;349
316;380
316;225
316;696
316;369
316;211
316;20
316;390
316;220
316;255
316;350
316;310
316;395
316;212
316;385
316;230
316;640
316;200
316;160
316;325
316;210
316;290
316;360
316;2
316;160
316;305
316;373
316;211
316;355
316;20
316;390
316;366
316;375
316;220
316;255
316;350
316;372
316;310
316;395
316;205
316;325
316;663
316;368
316;212
316;600
316;385
316;210
316;290
316;235
316;365
316;317
316;349
316;230
316;380
316;225
316;640
316;696
316;200
316;369
316;2
317;305
317;373
317;355
317;366
317;375
317;372
317;205
317;663
317;368
317;600
317;235
317;365
317;349
317;380
317;225
317;696
317;369
317;211
317;20
317;316
317;390
317;220
317;255
317;350
317;310
317;395
317;212
317;385
317;230
317;640
317;200
317;160
317;325
317;210
317;290
317;360
317;2
317;160
317;305
317;373
317;211
317;355
317;20
317;316
317;390
317;366
317;375
317;220
317;255
317;350
317;372
317;310
317;395
317;205
317;325
317;663
317;368
317;212
317;600
317;385
317;210
317;290
317;235
317;365
317;349
317;230
317;380
317;225
317;640
317;696
317;200
317;369
317;2
325;337
325;332
325;300
325;255
325;2
325;200
325;220
325;365
325;740
325;316
325;310
325;368
325;290
325;365
325;350
325;212
325;343
325;343
325;211
325;20
325;390
325;220
325;255
325;395
325;385
325;210
325;235
325;230
325;640
325;200
325;2
325;339
325;220
325;255
325;300
325;200
325;365
325;300
325;640
325;200
325;220
325;345
325;315
325;305
325;373
325;355
325;366
325;375
325;372
325;205
325;663
325;368
325;600
325;235
325;365
325;317
325;349
325;380
325;225
325;696
325;369
325;211
325;20
325;316
325;390
325;220
325;255
325;350
325;310
325;395
325;212
325;385
325;230
325;640
325;200
325;160
325;210
325;290
325;360
325;2
325;200
325;255
325;300
325;365
325;220
325;200
325;211
325;220
325;365
325;200
325;220
325;300
325;200
325;220
325;255
325;365
325;220
325;200
325;300
325;350
325;200
325;2
325;235
325;230
325;220
325;740
325;640
325;651
325;220
325;255
325;350
325;663
325;210
325;696
325;666
325;690
325;670
325;200
325;2
325;666
325;690
325;900
325;696
325;670
325;692
325;210
325;698
325;694
325;290
325;200
325;740
325;220
325;2
325;255
325;235
325;300
325;200
325;220
325;2
325;211
325;20
325;390
325;220
325;255
325;385
325;210
325;235
325;230
325;640
325;200
325;2
325;160
325;305
325;373
325;211
325;355
325;20
325;316
325;390
325;366
325;375
325;220
325;255
325;350
325;372
325;310
325;395
325;205
325;663
325;368
325;212
325;600
325;385
325;210
325;290
325;235
325;365
325;317
325;349
325;230
325;380
325;225
325;640
325;696
325;200
325;369
325;2
325;255
325;200
325;740
325;2
325;200
325;360
325;220
325;211
325;365
325;350
325;345
325;235
325;211
325;355
325;360
325;210
325;345
325;710
325;140
325;365
325;2
325;530
325;20
325;560
325;220
325;900
325;220
325;200
325;290
325;920
325;350
325;712
325;385
325;375
325;365
325;230
325;355
325;255
325;360
325;740
325;220
325;310
325;375
325;280
325;255
325;200
325;220
325;200
325;220
325;220
325;365
325;200
325;740
325;255
325;678
325;200
325;220
325;345
325;220
325;220
325;345
325;200
325;360
325;315
325;200
325;2
325;220
325;220
325;255
325;200
325;2
325;365
325;740
325;2
325;200
325;210
325;385
325;260
325;20
325;200
325;345
325;220
325;2
325;2
325;200
325;740
325;20
325;220
325;365
325;255
325;220
325;300
325;200
325;220
325;345
325;315
325;310
325;200
325;255
325;740
325;255
325;355
325;310
325;360
325;740
325;255
325;310
325;355
325;360
325;255
325;740
325;255
325;740
325;255
325;740
325;740
325;255
325;255
325;740
325;740
325;255
325;255
325;740
325;740
325;255
325;740
325;255
325;740
325;255
325;211
325;20
325;390
325;220
325;255
325;350
325;210
325;235
325;360
325;230
325;640
325;200
325;2
325;255
325;640
325;451
325;433
325;770
325;436
325;600
325;771
325;210
325;160
325;230
325;211
325;350
325;255
325;694
325;698
325;900
325;692
325;652
325;20
325;696
325;200
325;651
325;220
325;670
325;2
325;690
327;220
327;220
327;329
840;920
840;210
840;350
840;211
840;100
840;800
840;530
840;20
840;220
840;900
840;640
840;200
840;732
840;2
840;920
840;900
840;732
840;2
840;817
840;800
840;811
840;817
840;710
840;713
329;220
329;300
329;220
329;327
329;220
332;337
332;325
337;332
337;325
339;316
339;310
339;368
339;290
339;365
339;350
339;212
339;343
339;343
339;211
339;20
339;390
339;220
339;255
339;395
339;325
339;385
339;210
339;235
339;230
339;640
339;200
339;2
343;316
343;316
343;310
343;310
343;368
343;368
343;290
343;290
343;365
343;365
343;350
343;350
343;212
343;212
343;343
343;343
343;211
343;20
343;390
343;220
343;255
343;395
343;325
343;385
343;210
343;235
343;230
343;640
343;200
343;2
343;339
343;211
343;20
343;390
343;220
343;255
343;395
343;325
343;385
343;210
343;235
343;230
343;640
343;200
343;2
343;339
343;2
344;2
345;365
345;325
345;315
345;740
345;2
345;200
345;360
345;220
345;211
345;365
345;350
345;325
345;235
345;325
345;211
345;355
345;360
345;210
345;710
345;140
345;365
345;2
345;530
345;20
345;560
345;220
345;900
345;220
345;200
345;290
345;920
345;350
345;712
345;385
345;375
345;365
345;200
345;355
345;350
345;640
345;350
345;360
345;325
345;220
345;220
345;325
345;200
345;360
345;315
345;2
345;200
345;220
345;325
345;2
345;325
345;315
345;310
345;200
345;360
349;305
349;373
349;355
349;366
349;375
349;372
349;205
349;663
349;368
349;600
349;235
349;365
349;317
349;380
349;225
349;696
349;369
349;211
349;20
349;316
349;390
349;220
349;255
349;350
349;310
349;395
349;212
349;385
349;230
349;640
349;200
349;160
349;325
349;210
349;290
349;360
349;2
349;160
349;305
349;373
349;211
349;355
349;20
349;316
349;390
349;366
349;375
349;220
349;255
349;350
349;372
349;310
349;395
349;205
349;325
349;663
349;368
349;212
349;600
349;385
349;210
349;290
349;235
349;365
349;317
349;230
349;380
349;225
349;640
349;696
349;200
349;369
349;2
350;316
350;310
350;368
350;290
350;365
350;212
350;343
350;343
350;211
350;20
350;390
350;220
350;255
350;395
350;325
350;385
350;210
350;235
350;230
350;640
350;200
350;2
350;339
350;920
350;840
350;210
350;211
350;100
350;800
350;530
350;20
350;220
350;900
350;640
350;200
350;732
350;2
350;640
350;305
350;373
350;355
350;366
350;375
350;372
350;205
350;663
350;368
350;600
350;235
350;365
350;317
350;349
350;380
350;225
350;696
350;369
350;211
350;20
350;316
350;390
350;220
350;255
350;310
350;395
350;212
350;385
350;230
350;640
350;200
350;160
350;325
350;210
350;290
350;360
350;2
350;255
350;325
350;365
350;220
350;200
350;300
350;640
350;651
350;220
350;255
350;325
350;663
350;210
350;696
350;666
350;690
350;670
350;200
350;2
350;666
350;690
350;900
350;696
350;670
350;692
350;210
350;698
350;694
350;290
350;255
350;210
350;235
350;230
350;702
350;20
350;220
350;640
350;770
350;365
350;200
350;2
350;704
350;900
350;160
350;305
350;373
350;211
350;355
350;20
350;316
350;390
350;366
350;375
350;220
350;255
350;372
350;310
350;395
350;205
350;325
350;663
350;368
350;212
350;600
350;385
350;210
350;290
350;235
350;365
350;317
350;349
350;230
350;380
350;225
350;640
350;696
350;200
350;369
350;2
350;740
350;2
350;200
350;360
350;220
350;211
350;365
350;325
350;345
350;235
350;325
350;211
350;355
350;360
350;210
350;345
350;710
350;140
350;365
350;2
350;530
350;20
350;560
350;220
350;900
350;220
350;200
350;290
350;920
350;712
350;385
350;375
350;352
350;355
350;345
350;640
350;345
350;360
350;352
350;352
350;200
350;220
350;360
350;211
350;20
350;390
350;220
350;255
350;325
350;210
350;235
350;360
350;230
350;640
350;200
350;2
350;640
350;451
350;433
350;770
350;436
350;600
350;771
350;210
350;160
350;230
350;211
350;255
350;694
350;698
350;900
350;692
350;652
350;20
350;696
350;200
350;651
350;220
350;325
350;670
350;2
350;690
350;350
350;350
350;350
350;350
350;352
350;350
350;350
350;352
350;352
352;350
352;350
352;350
352;350
352;350
352;350
355;305
355;373
355;366
355;375
355;372
355;205
355;663
355;368
355;600
355;235
355;365
355;317
355;349
355;380
355;225
355;696
355;369
355;211
355;20
355;316
355;390
355;220
355;255
355;350
355;310
355;395
355;212
355;385
355;230
355;640
355;200
355;160
355;325
355;210
355;290
355;360
355;2
355;160
355;305
355;373
355;211
355;20
355;316
355;390
355;366
355;375
355;220
355;255
355;350
355;372
355;310
355;395
355;205
355;325
355;663
355;368
355;212
355;600
355;385
355;210
355;290
355;235
355;365
355;317
355;349
355;230
355;380
355;225
355;640
355;696
355;200
355;369
355;2
355;640
355;300
355;255
355;325
355;211
355;360
355;210
355;345
355;710
355;140
355;365
355;2
355;530
355;20
355;560
355;220
355;900
355;220
355;200
355;290
355;920
355;350
355;712
355;385
355;375
355;365
355;230
355;325
355;255
355;360
355;740
355;220
355;310
355;375
355;640
355;255
355;640
355;290
355;365
355;310
355;265
355;350
355;345
355;365
355;310
355;360
355;310
355;360
355;360
355;310
355;365
355;640
355;255
355;300
355;740
355;255
355;325
355;310
355;360
355;740
355;255
355;325
355;310
355;360
355;310
355;255
355;255
360;305
360;373
360;355
360;366
360;375
360;372
360;205
360;663
360;368
360;600
360;235
360;365
360;317
360;349
360;380
360;225
360;696
360;369
360;211
360;20
360;316
360;390
360;220
360;255
360;350
360;310
360;395
360;212
360;385
360;230
360;640
360;200
360;160
360;325
360;210
360;290
360;2
360;740
360;2
360;200
360;220
360;211
360;365
360;350
360;325
360;345
360;235
360;325
360;211
360;355
360;210
360;345
360;710
360;140
360;365
360;2
360;530
360;20
360;560
360;220
360;900
360;220
360;200
360;290
360;920
360;350
360;712
360;385
360;375
360;365
360;230
360;325
360;355
360;255
360;740
360;220
360;310
360;375
360;640
360;345
360;350
360;220
360;345
360;325
360;200
360;315
360;365
360;355
360;310
360;355
360;310
360;355
360;310
360;365
360;200
360;220
360;350
360;305
360;345
360;740
360;255
360;325
360;355
360;310
360;740
360;255
360;325
360;310
360;355
360;211
360;20
360;390
360;220
360;255
360;350
360;325
360;210
360;235
360;230
360;640
360;200
360;2
360;255
365;211
365;200
365;220
365;315
365;730
365;345
365;315
365;290
365;265
365;300
365;325
365;255
365;2
365;200
365;220
365;740
365;316
365;310
365;368
365;290
365;350
365;212
365;343
365;343
365;211
365;20
365;390
365;220
365;255
365;395
365;325
365;385
365;210
365;235
365;230
365;640
365;200
365;2
365;339
365;710
365;220
365;255
365;300
365;325
365;200
365;40
365;703
365;702
365;704
365;255
365;300
365;220
365;305
365;373
365;355
365;366
365;375
365;372
365;205
365;663
365;368
365;600
365;235
365;317
365;349
365;380
365;225
365;696
365;369
365;211
365;20
365;316
365;390
365;220
365;255
365;350
365;310
365;395
365;212
365;385
365;230
365;640
365;200
365;160
365;325
365;210
365;290
365;360
365;2
365;325
365;200
365;255
365;300
365;704
365;255
365;220
365;651
365;645
365;371
365;300
365;200
365;220
365;325
365;300
365;702
365;704
365;255
365;325
365;220
365;200
365;300
365;350
365;220
365;200
365;640
365;300
365;271
365;245
365;273
365;220
365;710
365;712
365;712
365;255
365;350
365;210
365;235
365;230
365;702
365;20
365;220
365;640
365;770
365;200
365;2
365;704
365;900
365;651
365;315
365;255
365;300
365;200
365;40
365;160
365;305
365;373
365;211
365;355
365;20
365;316
365;390
365;366
365;375
365;220
365;255
365;350
365;372
365;310
365;395
365;205
365;325
365;663
365;368
365;212
365;600
365;385
365;210
365;290
365;235
365;317
365;349
365;230
365;380
365;225
365;640
365;696
365;200
365;369
365;2
365;740
365;2
365;200
365;360
365;220
365;211
365;350
365;325
365;345
365;235
365;325
365;211
365;355
365;360
365;210
365;345
365;710
365;140
365;2
365;530
365;20
365;560
365;220
365;900
365;220
365;200
365;290
365;920
365;350
365;712
365;385
365;375
365;230
365;325
365;355
365;255
365;360
365;740
365;220
365;310
365;375
365;290
365;310
365;265
365;355
365;652
365;651
365;200
365;380
365;390
365;220
365;325
365;200
365;345
365;200
365;200
365;2
365;200
365;630
365;651
365;652
365;710
365;816
365;645
365;652
365;355
365;310
365;360
365;816
365;710
365;816
365;710
365;290
365;651
365;255
365;220
365;300
365;200
365;355
365;360
365;310
365;310
365;315
365;770
365;770
365;220
365;255
365;200
365;2
365;325
365;740
365;265
365;40
365;315
365;265
365;255
365;712
365;255
365;220
365;300
365;200
365;325
365;390
365;265
365;731
365;816
365;700
365;700
365;630
365;712
365;300
365;255
365;816
365;710
365;2
365;200
365;220
365;690
365;670
365;371
365;703
365;705
365;701
365;704
365;702
366;305
366;373
366;355
366;375
366;372
366;205
366;663
366;368
366;600
366;235
366;365
366;317
366;349
366;380
366;225
366;696
366;369
366;211
366;20
366;316
366;390
366;220
366;255
366;350
366;310
366;395
366;212
366;385
366;230
366;640
366;200
366;160
366;325
366;210
366;290
366;360
366;2
366;160
366;305
366;373
366;211
366;355
366;20
366;316
366;390
366;375
366;220
366;255
366;350
366;372
366;310
366;395
366;205
366;325
366;663
366;368
366;212
366;600
366;385
366;210
366;290
366;235
366;365
366;317
366;349
366;230
366;380
366;225
366;640
366;696
366;200
366;369
366;2
366;367
366;367
366;290
366;200
366;200
367;366
367;290
367;366
367;200
367;368
367;255
367;290
367;200
368;316
368;310
368;290
368;365
368;350
368;212
368;343
368;343
368;211
368;20
368;390
368;220
368;255
368;395
368;325
368;385
368;210
368;235
368;230
368;640
368;200
368;2
368;339
368;305
368;373
368;355
368;366
368;375
368;372
368;205
368;663
368;600
368;235
368;365
368;317
368;349
368;380
368;225
368;696
368;369
368;211
368;20
368;316
368;390
368;220
368;255
368;350
368;310
368;395
368;212
368;385
368;230
368;640
368;200
368;160
368;325
368;210
368;290
368;360
368;2
368;160
368;305
368;373
368;211
368;355
368;20
368;316
368;390
368;366
368;375
368;220
368;255
368;350
368;372
368;310
368;395
368;205
368;325
368;663
368;212
368;600
368;385
368;210
368;290
368;235
368;365
368;317
368;349
368;230
368;380
368;225
368;640
368;696
368;200
368;369
368;2
368;367
368;290
369;305
369;373
369;355
369;366
369;375
369;372
369;205
369;663
369;368
369;600
369;235
369;365
369;317
369;349
369;380
369;225
369;696
369;211
369;20
369;316
369;390
369;220
369;255
369;350
369;310
369;395
369;212
369;385
369;230
369;640
369;200
369;160
369;325
369;210
369;290
369;360
369;2
369;160
369;305
369;373
369;211
369;355
369;20
369;316
369;390
369;366
369;375
369;220
369;255
369;350
369;372
369;310
369;395
369;205
369;325
369;663
369;368
369;212
369;600
369;385
369;210
369;290
369;235
369;365
369;317
369;349
369;230
369;380
369;225
369;640
369;696
369;200
369;2
371;365
371;365
372;305
372;373
372;355
372;366
372;375
372;205
372;663
372;368
372;600
372;235
372;365
372;317
372;349
372;380
372;225
372;696
372;369
372;211
372;20
372;316
372;390
372;220
372;255
372;350
372;310
372;395
372;212
372;385
372;230
372;640
372;200
372;160
372;325
372;210
372;290
372;360
372;2
372;160
372;305
372;373
372;211
372;355
372;20
372;316
372;390
372;366
372;375
372;220
372;255
372;350
372;310
372;395
372;205
372;325
372;663
372;368
372;212
372;600
372;385
372;210
372;290
372;235
372;365
372;317
372;349
372;230
372;380
372;225
372;640
372;696
372;200
372;369
372;2
373;305
373;355
373;366
373;375
373;372
373;205
373;663
373;368
373;600
373;235
373;365
373;317
373;349
373;380
373;225
373;696
373;369
373;211
373;20
373;316
373;390
373;220
373;255
373;350
373;310
373;395
373;212
373;385
373;230
373;640
373;200
373;160
373;325
373;210
373;290
373;360
373;2
373;160
373;305
373;211
373;355
373;20
373;316
373;390
373;366
373;375
373;220
373;255
373;350
373;372
373;310
373;395
373;205
373;325
373;663
373;368
373;212
373;600
373;385
373;210
373;290
373;235
373;365
373;317
373;349
373;230
373;380
373;225
373;640
373;696
373;200
373;369
373;2
373;630
373;640
375;305
375;373
375;355
375;366
375;372
375;205
375;663
375;368
375;600
375;235
375;365
375;317
375;349
375;380
375;225
375;696
375;369
375;211
375;20
375;316
375;390
375;220
375;255
375;350
375;310
375;395
375;212
375;385
375;230
375;640
375;200
375;160
375;325
375;210
375;290
375;360
375;2
375;160
375;305
375;373
375;211
375;355
375;20
375;316
375;390
375;366
375;220
375;255
375;350
375;372
375;310
375;395
375;205
375;325
375;663
375;368
375;212
375;600
375;385
375;210
375;290
375;235
375;365
375;317
375;349
375;230
375;380
375;225
375;640
375;696
375;200
375;369
375;2
375;325
375;211
375;355
375;360
375;210
375;345
375;710
375;140
375;365
375;2
375;530
375;20
375;560
375;220
375;900
375;220
375;200
375;290
375;920
375;350
375;712
375;385
375;365
375;230
375;325
375;355
375;255
375;360
375;740
375;220
375;310
380;305
380;373
380;355
380;366
380;375
380;372
380;205
380;663
380;368
380;600
380;235
380;365
380;317
380;349
380;225
380;696
380;369
380;211
380;20
380;316
380;390
380;220
380;255
380;350
380;310
380;395
380;212
380;385
380;230
380;640
380;200
380;160
380;325
380;210
380;290
380;360
380;2
380;160
380;305
380;373
380;211
380;355
380;20
380;316
380;390
380;366
380;375
380;220
380;255
380;350
380;372
380;310
380;395
380;205
380;325
380;663
380;368
380;212
380;600
380;385
380;210
380;290
380;235
380;365
380;317
380;349
380;230
380;225
380;640
380;696
380;200
380;369
380;2
380;200
380;365
380;390
385;316
385;310
385;368
385;290
385;365
385;350
385;212
385;343
385;343
385;211
385;20
385;390
385;220
385;255
385;395
385;325
385;210
385;235
385;230
385;640
385;200
385;2
385;339
385;305
385;373
385;355
385;366
385;375
385;372
385;205
385;663
385;368
385;600
385;235
385;365
385;317
385;349
385;380
385;225
385;696
385;369
385;211
385;20
385;316
385;390
385;220
385;255
385;350
385;310
385;395
385;212
385;230
385;640
385;200
385;160
385;325
385;210
385;290
385;360
385;2
385;211
385;20
385;390
385;220
385;255
385;325
385;210
385;235
385;230
385;640
385;200
385;2
385;160
385;305
385;373
385;211
385;355
385;20
385;316
385;390
385;366
385;375
385;220
385;255
385;350
385;372
385;310
385;395
385;205
385;325
385;663
385;368
385;212
385;600
385;210
385;290
385;235
385;365
385;317
385;349
385;230
385;380
385;225
385;640
385;696
385;200
385;369
385;2
385;770
385;740
385;640
385;2
385;325
385;211
385;355
385;360
385;210
385;345
385;710
385;140
385;365
385;2
385;530
385;20
385;560
385;220
385;900
385;220
385;200
385;290
385;920
385;350
385;712
385;375
385;160
385;2
385;200
385;210
385;325
385;260
385;20
385;200
900;920
900;840
900;210
900;350
900;211
900;100
900;800
900;530
900;20
900;220
900;640
900;200
900;732
900;2
900;640
900;651
900;220
900;255
900;350
900;325
900;663
900;210
900;696
900;666
900;690
900;670
900;200
900;2
900;666
900;690
900;696
900;670
900;692
900;210
900;698
900;694
900;290
900;255
900;350
900;210
900;235
900;230
900;702
900;20
900;220
900;640
900;770
900;365
900;200
900;2
900;704
900;325
900;211
900;355
900;360
900;210
900;345
900;710
900;140
900;365
900;2
900;530
900;20
900;560
900;220
900;220
900;200
900;290
900;920
900;350
900;712
900;385
900;375
900;920
900;732
900;2
900;817
900;800
900;840
900;811
900;200
900;820
900;2
900;800
900;812
900;920
900;200
900;200
900;640
900;451
900;433
900;770
900;436
900;600
900;771
900;210
900;160
900;230
900;211
900;350
900;255
900;694
900;698
900;692
900;652
900;20
900;696
900;200
900;651
900;220
900;325
900;670
900;2
900;690
900;20
900;740
900;732
900;2
390;316
390;310
390;368
390;290
390;365
390;350
390;212
390;343
390;343
390;211
390;20
390;220
390;255
390;395
390;325
390;385
390;210
390;235
390;230
390;640
390;200
390;2
390;339
390;305
390;373
390;355
390;366
390;375
390;372
390;205
390;663
390;368
390;600
390;235
390;365
390;317
390;349
390;380
390;225
390;696
390;369
390;211
390;20
390;316
390;220
390;255
390;350
390;310
390;395
390;212
390;385
390;230
390;640
390;200
390;160
390;325
390;210
390;290
390;360
390;2
390;200
390;211
390;20
390;220
390;255
390;325
390;385
390;210
390;235
390;230
390;640
390;200
390;2
390;160
390;305
390;373
390;211
390;355
390;20
390;316
390;366
390;375
390;220
390;255
390;350
390;372
390;310
390;395
390;205
390;325
390;663
390;368
390;212
390;600
390;385
390;210
390;290
390;235
390;365
390;317
390;349
390;230
390;380
390;225
390;640
390;696
390;200
390;369
390;2
390;200
390;365
390;380
390;2
390;260
390;365
390;265
390;211
390;20
390;220
390;255
390;350
390;325
390;210
390;235
390;360
390;230
390;640
390;200
390;2
395;316
395;310
395;368
395;290
395;365
395;350
395;212
395;343
395;343
395;211
395;20
395;390
395;220
395;255
395;325
395;385
395;210
395;235
395;230
395;640
395;200
395;2
395;339
395;305
395;373
395;355
395;366
395;375
395;372
395;205
395;663
395;368
395;600
395;235
395;365
395;317
395;349
395;380
395;225
395;696
395;369
395;211
395;20
395;316
395;390
395;220
395;255
395;350
395;310
395;212
395;385
395;230
395;640
395;200
395;160
395;325
395;210
395;290
395;360
395;2
395;160
395;305
395;373
395;211
395;355
395;20
395;316
395;390
395;366
395;375
395;220
395;255
395;350
395;372
395;310
395;205
395;325
395;663
395;368
395;212
395;600
395;385
395;210
395;290
395;235
395;365
395;317
395;349
395;230
395;380
395;225
395;640
395;696
395;200
395;369
395;2
920;840
920;210
920;350
920;211
920;100
920;800
920;530
920;20
920;220
920;900
920;640
920;200
920;732
920;2
920;325
920;211
920;355
920;360
920;210
920;345
920;710
920;140
920;365
920;2
920;530
920;20
920;560
920;220
920;900
920;220
920;200
920;290
920;350
920;712
920;385
920;375
920;900
920;732
920;2
920;817
920;800
920;840
920;811
920;2
920;800
920;812
920;200
920;900
433;438
433;640
433;451
433;770
433;436
433;600
433;771
433;210
433;160
433;230
433;211
433;350
433;255
433;694
433;698
433;900
433;692
433;652
433;20
433;696
433;200
433;651
433;220
433;325
433;670
433;2
433;690
435;600
435;230
436;640
436;451
436;433
436;770
436;600
436;771
436;210
436;160
436;230
436;211
436;350
436;255
436;694
436;698
436;900
436;692
436;652
436;20
436;696
436;200
436;651
436;220
436;325
436;670
436;2
436;690
437;452
438;452
438;475
438;433
450;200
451;475
451;640
451;433
451;770
451;436
451;600
451;771
451;210
451;160
451;230
451;211
451;350
451;255
451;694
451;698
451;900
451;692
451;652
451;20
451;696
451;200
451;651
451;220
451;325
451;670
451;2
451;690
452;438
452;475
452;437
475;452
475;438
475;451
482;220
482;600
482;651
482;490
483;540
483;490
483;565
483;552
483;220
483;220
483;220
483;490
483;220
483;2
483;220
484;500
484;40
484;540
490;540
490;483
490;565
490;552
490;500
490;580
490;520
490;551
490;560
490;482
490;220
490;600
490;651
490;220
490;483
490;2
500;517
500;490
500;620
500;620
500;484
500;40
500;540
501;530
510;517
510;625
510;551
510;551
510;551